Name,CMU Due Date,Status,Run Dates,Vendor,Category,Call to Action,Creative Submitted,Landing Page,link to Subitems of 2025-26 Paid Advertising Budget,DAM,Check
"Google Display - Tony Awards (Overflow, No Report Needed)",7/1/2025,COMPLETED,2025-07-01 - 2025-07-08,Google,Display,CMU x Tonys,"https://carnegiemellon.monday.com/protected_static/2364823/resources/2275368695/Tonys_Web_Banners_320x50.jpg, https://carnegiemellon.monday.com/protected_static/2364823/resources/2275368701/Tonys_Web_Banners_728x90.jpg, https://carnegiemellon.monday.com/protected_static/2364823/resources/2275368716/Tonys_Web_Banners_970x250.jpg, https://carnegiemellon.monday.com/protected_static/2364823/resources/2275368771/Tonys_Web_Banners_900x600.jpg, https://carnegiemellon.monday.com/protected_static/2364823/resources/2275368698/Tonys_Web_Banners_320x100.jpg, https://carnegiemellon.monday.com/protected_static/2364823/resources/2275368778/Tonys_Web_Banners_300x600.jpg, https://carnegiemellon.monday.com/protected_static/2364823/resources/2275368782/TONYS-25-055_WebBanner_300x250_MECH.jpg, https://carnegiemellon.monday.com/protected_static/2364823/resources/2275368793/Tonys_Web_Banners_300x1050.jpg, https://carnegiemellon.monday.com/protected_static/2364823/resources/2275368842/Tonys_Web_Banners_1080x1350.jpg, https://carnegiemellon.monday.com/protected_static/2364823/resources/2275368834/TONYS-25-055_WebBanner_970x90_MECH.jpg, https://carnegiemellon.monday.com/protected_static/2364823/resources/2275368887/Tonys_Web_Banners_1200x1200.jpg, https://carnegiemellon.monday.com/protected_static/2364823/resources/2275368854/Tonys_Web_Banners_1200x628.jpg, https://carnegiemellon.monday.com/protected_static/2364823/resources/2275368893/Tonys_Web_Banners_1080x1080.jpg, https://carnegiemellon.monday.com/protected_static/2364823/resources/2275368886/Tonys_Web_Banners_160x600.jpg",CMU x Tony Awards - https://www.cmu.edu/tony-awards/,"Google Display - Tony Awards (Overflow, No Report Needed)",,v
Lamar - July,7/1/2025,COMPLETED,2025-07-01 - 2025-07-31,Lamar,Billboard,,,,Lamar - July,Kelsey Stark,
Lamar - July - Install,7/1/2025,COMPLETED,2025-07-01 - 2025-07-31,Lamar,Billboard,,,,Lamar - July - Install,,
UCM - Work That Mattters Anthem - Linkedin - 7.10-9.30,7/8/2025,COMPLETED,2025-07-08 - 2025-09-30,LinkedIn,Social,CMU Work That Matters,https://carnegiemellon.monday.com/protected_static/2364823/resources/2280535354/Screenshot%202025-07-10%20at%2011.38.35%E2%80%AFAM.png,Work That Matters - https://www.cmu.edu/work-that-matters?utm_campaign=research-impact&utm_source=li&utm_medium=video&utm_content=general_cmu&utm_term=0,UCM - Work That Mattters Anthem - Linkedin - 7.10-9.30,,v
UCM - Work That Matters Anthem - Instagram - 7.9-9.30,7/8/2025,PAUSED,2025-07-07 - 2025-09-30,Meta,Social,Instagram,"https://carnegiemellon.monday.com/protected_static/2364823/resources/2277492989/Screenshot%202025-07-09%20at%209.56.36%E2%80%AFAM.png, https://carnegiemellon.monday.com/protected_static/2364823/resources/2277492998/Screenshot%202025-07-09%20at%209.56.09%E2%80%AFAM.png",Instagram - https://www.instagram.com/carnegiemellon/,UCM - Work That Matters Anthem - Instagram - 7.9-9.30,,v
Spotify - Podcast Promo,7/8/2025,COMPLETED,2025-07-08 - 2025-09-30,Spotify,Audio,"CMU Work That Matters, Podcast","https://carnegiemellon.monday.com/protected_static/2364823/resources/2275350036/Screenshot%202025-07-08%20at%2012.37.39%E2%80%AFPM.png, https://carnegiemellon.monday.com/protected_static/2364823/resources/2275350062/Screenshot%202025-07-08%20at%2012.38.01%E2%80%AFPM.png, https://carnegiemellon.monday.com/protected_static/2364823/resources/2275350067/Screenshot%202025-07-08%20at%2012.37.19%E2%80%AFPM.png, https://carnegiemellon.monday.com/protected_static/2364823/resources/2275350060/Screenshot%202025-07-08%20at%2012.37.06%E2%80%AFPM.png",Work That Matters - https://www.cmu.edu/work-that-matters?utm_campaign=research-impact&utm_source=spotify&utm_medium=audio&utm_content=general_poli&utm_term=0,Spotify - Podcast Promo,,v
Spotify - Anthem,7/8/2025,COMPLETED,2025-07-08 - 2025-09-30,Spotify,Audio,"CMU Work That Matters, Podcast","https://carnegiemellon.monday.com/protected_static/2364823/resources/2275350036/Screenshot%202025-07-08%20at%2012.37.39%E2%80%AFPM.png, https://carnegiemellon.monday.com/protected_static/2364823/resources/2275350062/Screenshot%202025-07-08%20at%2012.38.01%E2%80%AFPM.png, https://carnegiemellon.monday.com/protected_static/2364823/resources/2275350067/Screenshot%202025-07-08%20at%2012.37.19%E2%80%AFPM.png, https://carnegiemellon.monday.com/protected_static/2364823/resources/2275350060/Screenshot%202025-07-08%20at%2012.37.06%E2%80%AFPM.png",Work That Matters - https://www.cmu.edu/work-that-matters?utm_campaign=research-impact&utm_source=spotify&utm_medium=audio&utm_content=general_poli&utm_term=0,Spotify - Podcast Promo,,v
Spotify - Podcast Promo,7/8/2025,COMPLETED,2025-07-08 - 2025-09-30,Spotify,Audio,"CMU Work That Matters, Podcast","https://carnegiemellon.monday.com/protected_static/2364823/resources/2275350036/Screenshot%202025-07-08%20at%2012.37.39%E2%80%AFPM.png, https://carnegiemellon.monday.com/protected_static/2364823/resources/2275350062/Screenshot%202025-07-08%20at%2012.38.01%E2%80%AFPM.png, https://carnegiemellon.monday.com/protected_static/2364823/resources/2275350067/Screenshot%202025-07-08%20at%2012.37.19%E2%80%AFPM.png, https://carnegiemellon.monday.com/protected_static/2364823/resources/2275350060/Screenshot%202025-07-08%20at%2012.37.06%E2%80%AFPM.png",Work That Matters - https://www.cmu.edu/work-that-matters?utm_campaign=research-impact&utm_source=spotify&utm_medium=audio&utm_content=general_poli&utm_term=0,Spotify - Podcast Promo,,v
UCM - Work That Matters Awareness - Display - 7.8-9.30,7/8/2025,COMPLETED,2025-07-08 - 2025-09-30,Google,Display,CMU Work That Matters,"https://carnegiemellon.monday.com/protected_static/2364823/resources/2394336529/Location%20900x1600.png, https://carnegiemellon.monday.com/protected_static/2364823/resources/2394336525/Location%201200x628.png, https://carnegiemellon.monday.com/protected_static/2364823/resources/2394336619/Location%201800x1800.png",,UCM - Work That Matters Awareness - Display - 7.8-9.30,Kelsey Stark,v
UCM - Work That Matters Awareness - Video - 7.8-9.30,7/8/2025,COMPLETED,2025-07-08 - 2025-09-30,Google,Video,CMU Work That Matters,https://www.youtube.com/watch?v=Q0thniluqvY,Work That Matters - https://www.cmu.edu/work-that-matters,UCM - Work That Matters Awareness - Video - 7.8-9.30,,v
Pittsburgh Business Times - Pgh - 1034x90; 1034x30,7/9/2025,COMPLETED,2025-07-15 - 2025-10-15,PBT,Display,,,,Pittsburgh Business Times - Pgh - 1034x90; 1034x30,Kelsey Stark,v
Pittsburgh Business Times - Philadelphia - 1034x90; 1034x30,7/9/2025,COMPLETED,2025-07-15 - 2025-10-15,PBT,Display,CMU Work That Matters,"https://carnegiemellon.monday.com/protected_static/2364823/resources/2278712690/PghBusinessTimes_July2025_1034x90.jpg, https://carnegiemellon.monday.com/protected_static/2364823/resources/2278712693/PghBusinessTimes_July2025_1034x30_revised.jpg",Work That Matters - https://www.cmu.edu/work-that-matters/?utm_campaign=research-impact&utm_source=pbt&utm_medium=display&utm_content=general_pgh&utm_term=0,Pittsburgh Business Times - Philadelphia - 1034x90; 1034x30,Kelsey Stark,v
Pittsburgh Business Times - DC - 1034x90; 1034x30,7/9/2025,COMPLETED,2025-07-15 - 2025-10-15,PBT,Display,CMU Work That Matters,"https://carnegiemellon.monday.com/protected_static/2364823/resources/2278712986/PghBusinessTimes_July2025_1034x90.jpg, https://carnegiemellon.monday.com/protected_static/2364823/resources/2278712989/PghBusinessTimes_July2025_1034x30_revised.jpg",Work That Matters - https://www.cmu.edu/work-that-matters/?utm_campaign=research-impact&utm_source=pbt&utm_medium=display&utm_content=general_pgh&utm_term=0,Pittsburgh Business Times - DC - 1034x90; 1034x30,Kelsey Stark,v
Chronicle of Higher Education - Almanac - Cover Sheet,7/10/2025,COMPLETED,2025-08-15 - 2025-08-15,Chronicle,Print,CMU Work That Matters,"https://carnegiemellon.monday.com/protected_static/2364823/resources/2283259683/UCM-26-003_CHRONICLE_DoubleSide_Front_11x11-5_03_MECH.pdf, https://carnegiemellon.monday.com/protected_static/2364823/resources/2283259684/UCM-26-003_Chronicle_DoubleSide_Back_11x14-5_03_MECH.pdf",Work That Matters - https://www.cmu.edu/work-that-matters,Chronicle of Higher Education - Almanac - Cover Sheet,Kelsey Stark,v
Pittsburgh Business Times - Custom Content Hub,7/11/2025,COMPLETED,2025-07-22 - 2025-10-15,PBT,Sponsored Content,CMU Work That Matters,https://www.bizjournals.com/pittsburgh/news/partners/work-that-matters/,,Pittsburgh Business Times - Custom Content Hub,,v
Pittsburgh Business Times - Pgh - 970x250; 300x250,7/11/2025,COMPLETED,2025-07-15 - 2025-10-15,PBT,Display,,https://carnegiemellon.monday.com/protected_static/2364823/resources/2394537770/WIBWTM_Communities_300x250-03_resized.jpg,,Pittsburgh Business Times - Pgh - 970x250; 300x250,Kelsey Stark,v
Pittsburgh Business Times - Philadelphia - 970x250; 300x250,7/11/2025,COMPLETED,2025-07-15 - 2025-10-15,PBT,Display,,https://carnegiemellon.monday.com/protected_static/2364823/resources/2394537979/WIBWTM_Communities_300x250-03_resized.jpg,,Pittsburgh Business Times - Philadelphia - 970x250; 300x250,Kelsey Stark,v
Pittsburgh Business Times - DC - 970x250; 300x250,7/11/2025,COMPLETED,2025-07-15 - 2025-10-15,PBT,Display,CMU Work That Matters,https://carnegiemellon.monday.com/protected_static/2364823/resources/2394538461/WIBWTM_Communities_300x250-03_resized.jpg,,Pittsburgh Business Times - DC - 970x250; 300x250,Kelsey Stark,v
"Pittsburgh Business Times - Pgh, Philadelphia, DC - 728x90; 300x250; 320x50",7/11/2025,COMPLETED,2025-07-15 - 2025-10-15,PBT,Display,CMU Work That Matters,,,"Pittsburgh Business Times - Pgh, Philadelphia, DC - 728x90; 300x250; 320x50",Kelsey Stark,v
Effectv - OTT/CTV/Streaming,7/15/2025,COMPLETED,2025-07-28 - 2025-12-31,Comcast,Video,CMU Work That Matters,,,Effectv - OTT/CTV/Streaming,,v
UCM - Podcast - S2 E8 - Sound Pt. 1 -  7.21-8.21,7/17/2025,COMPLETED,2025-07-21 - 2025-08-21,Google,Video,Podcast Episode,https://www.youtube.com/watch?v=WAV5OIMCj7w,The Science of Sound - Part 1 - https://www.youtube.com/watch?v=hjbFUXpyC1g,UCM - Podcast - S2 E8 - Sound Pt. 1 -  7.21-8.21,,v
"UCM - Work That Matters Awareness - Video - 7.18-9.30 [Paused, Double Campaign]",7/18/2025,PAUSED,2025-07-18 - 2025-07-29,Google,Video,CMU Work That Matters,,Work That Matters - https://www.cmu.edu/work-that-matters,"UCM - Work That Matters Awareness - Video - 7.18-9.30 [Paused, Double Campaign]",,v
Chronicle of Higher Education - Almanac - 970x250; 300x600; 300x250; 728x90; 970x90; 600x500,7/24/2025,COMPLETED,2025-08-04 - 2025-09-30,Chronicle,Display,CMU Work That Matters,"https://carnegiemellon.monday.com/protected_static/2364823/resources/2306047844/WIBWTM_970x90.jpg, https://carnegiemellon.monday.com/protected_static/2364823/resources/2306047842/WIBWTM_Progress_970x250-02.jpg, https://carnegiemellon.monday.com/protected_static/2364823/resources/2306047873/WIBWTM_300x600-Progress.jpg, https://carnegiemellon.monday.com/protected_static/2364823/resources/2306047849/WIBWTM_Progress_300x250-02_resized.jpg, https://carnegiemellon.monday.com/protected_static/2364823/resources/2306047856/WIBWTM_600x500-Progress%20(1).jpg, https://carnegiemellon.monday.com/protected_static/2364823/resources/2306047953/WIBWTM_728x90.jpg, https://carnegiemellon.monday.com/protected_static/2364823/resources/2309099341/CMU_8-4-2025_Almanac%20Issue%20Sponsorship.pptx",Work That Matters - https://www.cmu.edu/work-that-matters/?utm_campaign=research-impact&utm_source=che&utm_medium=display&utm_content=general_cmu&utm_term=0,Chronicle of Higher Education - Almanac - 970x250; 300x600; 300x250; 728x90; 970x90; 600x500,Kelsey Stark,v
Chronicle of Higher Education - Almanac - Full Page,7/25/2025,COMPLETED,2025-08-15 - 2025-08-15,Chronicle,Print,CMU News,https://carnegiemellon.monday.com/protected_static/2364823/resources/2282619153/UCM-26-003_ChronicleFullPage_11-25x14-875_MECH.pdf,https://www.cmu.edu/news/stories/archives/2025/may/where-research-gets-to-work,Chronicle of Higher Education - Almanac - Full Page,Kelsey Stark,v
Politico - ROS Display,7/29/2025,COMPLETED,2025-08-01 - 2025-10-01,Politico,Display,CMU Work That Matters,"https://carnegiemellon.monday.com/protected_static/2364823/resources/2306073290/WIBWTM_728x90.jpg, https://carnegiemellon.monday.com/protected_static/2364823/resources/2306073292/WIBWTM_970x90.jpg, https://carnegiemellon.monday.com/protected_static/2364823/resources/2306073289/WIBWTM_Progress_300x250-02_resized.jpg, https://carnegiemellon.monday.com/protected_static/2364823/resources/2306073296/WIBWTM_Progress_970x250-02.jpg, https://carnegiemellon.monday.com/protected_static/2364823/resources/2306073307/WIBWTM_300x600-Progress.jpg, https://carnegiemellon.monday.com/protected_static/2364823/resources/2306073370/WIBWTM_320x50.jpg, https://carnegiemellon.monday.com/protected_static/2364823/resources/2327609624/Politico%20x%20CMU%20-%20ROS%20Screenshots%20-%208.1.25.pdf",Work That Matters - https://www.cmu.edu/work-that-matters/?utm_campaign=research-impact&utm_source=politico&utm_medium=display&utm_content=general_poli&utm_term=0,Politico - ROS Display,Kelsey Stark,v
UCM - Podcast - S2 E9 - Sound Pt. 2 -  7.31-8.31 [Note: Promo updated on 8/6 leading to new podcast w/o sounds],7/31/2025,COMPLETED,2025-07-31 - 2025-08-31,Google,Video,Podcast,https://www.youtube.com/watch?v=4dR7_dy4JKg,Ep 9 - https://www.youtube.com/watch?v=aOX-o8W-phg,UCM - Podcast - S2 E9 - Sound Pt. 2 -  7.31-8.31 [Note: Promo updated on 8/6 leading to new podcast w/o sounds],,v
Axios - Pittsburgh Newsletter,8/1/2025,COMPLETED,2025-08-04 - 2025-08-04,Axios,Email,CMU Work That Matters,"https://carnegiemellon.monday.com/protected_static/2364823/resources/2335723890/Screenshot%202025-08-06%20at%209.42.37%E2%80%AFAM.png, https://carnegiemellon.monday.com/protected_static/2364823/resources/2335723924/Screenshot%202025-08-06%20at%209.42.06%E2%80%AFAM.png, https://carnegiemellon.monday.com/protected_static/2364823/resources/2338313751/CMU%20Story%20Promo%20Screenshots.pdf, https://carnegiemellon.monday.com/protected_static/2364823/resources/2443519483/CMU%20Story%20Promo%20Screenshots%20(2).pdf",Work That Matters - https://www.cmu.edu/work-that-matters?axios_adlink=1&stream=top&utm_campaign=research-impact&utm_content=general_cmu&utm_medium=text&utm_source=axios&utm_term=0,Axios - Pittsburgh Newsletter,,v
Axios - Pittsburgh Newsletter,8/1/2025,COMPLETED,2025-10-13 - 2025-10-13,Axios,Email,CMU Work That Matters,"https://carnegiemellon.monday.com/protected_static/2364823/resources/2338311294/CMU%20Story%20Promo%20Screenshots.pdf, https://carnegiemellon.monday.com/protected_static/2364823/resources/2443519715/CMU%20Story%20Promo%20Screenshots%20(2).pdf",Work That Matters - https://www.cmu.edu/work-that-matters?axios_adlink=1&stream=top&utm_campaign=research-impact&utm_content=general_cmu&utm_medium=text&utm_source=axios&utm_term=0,Axios - Pittsburgh Newsletter,,v
Axios - Philadelphia Newsletter,8/1/2025,COMPLETED,2025-08-11 - 2025-08-11,Axios,Email,CMU Work That Matters,"https://carnegiemellon.monday.com/protected_static/2364823/resources/2338313286/CMU%20Story%20Promo%20Screenshots.pdf, https://carnegiemellon.monday.com/protected_static/2364823/resources/2443519973/CMU%20Story%20Promo%20Screenshots%20(2).pdf",Work That Matters - https://www.cmu.edu/work-that-matters?axios_adlink=1&stream=top&utm_campaign=research-impact&utm_content=general_cmu&utm_medium=text&utm_source=axios&utm_term=0,Axios - Philadelphia Newsletter,,v
Axios - Philadelphia Newsletter,8/1/2025,COMPLETED,2025-10-13 - 2025-10-13,Axios,Email,CMU Work That Matters,"https://carnegiemellon.monday.com/protected_static/2364823/resources/2338313483/CMU%20Story%20Promo%20Screenshots.pdf, https://carnegiemellon.monday.com/protected_static/2364823/resources/2443520215/CMU%20Story%20Promo%20Screenshots%20(2).pdf",Work That Matters - https://www.cmu.edu/work-that-matters?axios_adlink=1&stream=top&utm_campaign=research-impact&utm_content=general_cmu&utm_medium=text&utm_source=axios&utm_term=0,Axios - Philadelphia Newsletter,,v
Axios - Washington DC Newsletter,8/1/2025,COMPLETED,2025-08-14 - 2025-08-14,Axios,Email,CMU Work That Matters,"https://carnegiemellon.monday.com/protected_static/2364823/resources/2358958674/Screenshot%202025-08-15%20at%209.25.26%E2%80%AFAM.png, https://carnegiemellon.monday.com/protected_static/2364823/resources/2358958670/Screenshot%202025-08-15%20at%209.25.45%E2%80%AFAM.png, https://carnegiemellon.monday.com/protected_static/2364823/resources/2443520477/CMU%20Story%20Promo%20Screenshots%20(2).pdf",,Axios - Washington DC Newsletter,,v
Axios - Washington DC Newsletter,8/1/2025,COMPLETED,2025-09-04 - 2025-09-04,Axios,Email,,"https://carnegiemellon.monday.com/protected_static/2364823/resources/2440436238/IMG_8856.PNG, https://carnegiemellon.monday.com/protected_static/2364823/resources/2440436249/IMG_8855%20(1).PNG, https://carnegiemellon.monday.com/protected_static/2364823/resources/2443520671/CMU%20Story%20Promo%20Screenshots%20(2).pdf",Work That Matters - https://www.cmu.edu/work-that-matters?utm_campaign=research-impact&utm_source=axios&utm_medium=text&utm_content=general_cmu&utm_term=0,Axios - Washington DC Newsletter,,v
Axios - Washington DC Newsletter,8/1/2025,COMPLETED,2025-10-09 - 2025-10-09,Axios,Email,,"https://carnegiemellon.monday.com/protected_static/2364823/resources/2440434031/IMG_8855%20(1).PNG, https://carnegiemellon.monday.com/protected_static/2364823/resources/2440434048/IMG_8856.PNG, https://carnegiemellon.monday.com/protected_static/2364823/resources/2443520917/CMU%20Story%20Promo%20Screenshots%20(2).pdf",https://www.cmu.edu/work-that-matters?utm_campaign=research-impact&utm_source=axios&utm_medium=text&utm_content=general_cmu&utm_term=0,Axios - Washington DC Newsletter,,v
Axios - Washington DC Newsletter,8/1/2025,COMPLETED,2025-11-06 - 2025-11-06,Axios,Email,,"https://carnegiemellon.monday.com/protected_static/2364823/resources/2440434410/IMG_8856.PNG, https://carnegiemellon.monday.com/protected_static/2364823/resources/2440434419/IMG_8855%20(1).PNG, https://carnegiemellon.monday.com/protected_static/2364823/resources/2443521090/CMU%20Story%20Promo%20Screenshots%20(2).pdf",https://www.cmu.edu/work-that-matters?utm_campaign=research-impact&utm_source=axios&utm_medium=text&utm_content=general_cmu&utm_term=0,Axios - Washington DC Newsletter,,v
Axios - Local Story (Bulletin),8/1/2025,COMPLETED,2025-08-01 - 2025-09-30,Axios,Sponsored Content,CMU Work That Matters,"https://www.axios.com/local/philadelphia/sponsored/preview/bf2c1bcd-1b70-4430-ae20-68833317973f, https://www.axios.com/local/philadelphia/sponsored/why-interdisciplinary-research-matters-now-more-than-ever, https://carnegiemellon.monday.com/protected_static/2364823/resources/2443521229/CMU%20Story%20Promo%20Screenshots%20(2).pdf",https://www.cmu.edu/work-that-matters?utm_campaign=research-impact&utm_source=axios&utm_medium=text&utm_content=general_cmu&utm_term=0,Axios - Local Story (Bulletin),,v
Axios - Local Story (Bulletin),8/1/2025,COMPLETED,2025-10-01 - 2025-12-31,Axios,Sponsored Content,CMU Work That Matters,"https://www.axios.com/local/philadelphia/sponsored/preview/cae0acdf-a41c-4371-a384-977bd9fce395 , https://www.axios.com/local/philadelphia/sponsored/why-interdisciplinary-research-matters-now-more-than-ever, https://carnegiemellon.monday.com/protected_static/2364823/resources/2443521377/CMU%20Story%20Promo%20Screenshots%20(2).pdf",Work That Matters - https://www.cmu.edu/work-that-matters?utm_campaign=research-impact&utm_source=axios&utm_medium=text&utm_content=general_cmu&utm_term=0,Axios - Local Story (Bulletin),,v
StackAdapt - August - Audio,8/1/2025,COMPLETED,2025-08-01 - 2025-08-31,StackAdapt,Audio,CMU Work That Matters,,,StackAdapt - August - Audio,,v
StackAdapt - August - Display,8/1/2025,COMPLETED,2025-08-01 - 2025-08-31,StackAdapt,Display,CMU Work That Matters,,,StackAdapt - August - Display,,v
StackAdapt -August - Video,8/1/2025,COMPLETED,2025-08-01 - 2025-08-31,StackAdapt,Video,CMU Work That Matters,,,StackAdapt -August - Video,,v
Axios - Native Audience Targeting (Business leaders & Policy Makers in PA),8/1/2025,COMPLETED,2025-08-01 - 2025-12-31,Axios,Sponsored Content,CMU Work That Matters,https://carnegiemellon.monday.com/protected_static/2364823/resources/2443521726/CMU%20Story%20Promo%20Screenshots%20(2).pdf,,Axios - Native Audience Targeting (Business leaders & Policy Makers in PA),,v
Axios - Native DC,8/1/2025,COMPLETED,2025-08-01 - 2025-12-31,Axios,Sponsored Content,CMU Work That Matters,https://carnegiemellon.monday.com/protected_static/2364823/resources/2443521903/CMU%20Story%20Promo%20Screenshots%20(2).pdf,,Axios - Native DC,,v
Lamar - August,8/1/2025,COMPLETED,2025-08-01 - 2025-08-31,Lamar,Billboard,,,,Lamar - August,,
Pittsburgh Magazine - Print - College Guide,8/14/2025,COMPLETED,2025-09-01 - 2025-09-30,Pittsburgh Magazine,Print,CMU Work That Matters,https://carnegiemellon.monday.com/protected_static/2364823/resources/2350595511/CMU%20Full%20Page%20Ad%20-%20Pgh%20Mag.pdf,,Pittsburgh Magazine - Print - College Guide,Kelsey Stark,v
UCM - Podcast - S2 E10 - Rubin Observatory - 8.14-9.14,8/14/2025,COMPLETED,2025-08-14 - 2025-09-14,Google,Video,Podcast,"https://www.youtube.com/watch?v=Wy-N-m7nEZM, https://www.youtube.com/watch?v=q4RXLXhkcVQ",Cracking the Cosmic Code: How Software Powers the Rubin Observatory - https://www.youtube.com/watch?v=o60-PQc3P3g,UCM - Podcast - S2 E10 - Rubin Observatory - 8.14-9.14,,v
WAMU - Audio  - 30 Sec Script,8/18/2025,COMPLETED,2025-09-08 - 2025-11-23,WAMU,Audio,CMU Work That Matters,,,WAMU - Audio  - 30 Sec Script,,v
WAMU - Video - 15 Sec Pre-Roll,8/18/2025,COMPLETED,2025-09-08 - 2025-11-23,WAMU,Video,CMU Work That Matters,,,WAMU - Video - 15 Sec Pre-Roll,,v
WAMU - ROS - 300x250,8/18/2025,COMPLETED,2025-09-08 - 2025-11-23,WAMU,Display,CMU Work That Matters,,,WAMU - ROS - 300x250,,v
WAMU - RON - 320x50,8/18/2025,COMPLETED,2025-09-08 - 2025-11-23,WAMU,Display,CMU Work That Matters,,,WAMU - RON - 320x50,,v
Pittsburgh Magazine - 412 E-Newsletter - 728x90; 750x500 + COPY & URL,8/22/2025,COMPLETED,2025-09-01 - 2025-09-30,Pittsburgh Magazine,Email,CMU Work That Matters,"https://carnegiemellon.monday.com/protected_static/2364823/resources/2368108211/WIBWTM_300x50_Communities.jpg, https://carnegiemellon.monday.com/protected_static/2364823/resources/2368108222/WIBWTM_728x90_Communities.jpg, https://carnegiemellon.monday.com/protected_static/2364823/resources/2368108212/WIBWTM_Communities_300x250.jpg, https://carnegiemellon.monday.com/protected_static/2364823/resources/2368108224/WIBWTM_Communities_750x500.jpg, https://carnegiemellon.monday.com/protected_static/2364823/resources/2368108218/WIBWTM_160X600_Communities.jpg, https://carnegiemellon.monday.com/protected_static/2364823/resources/2368108289/WIBWTM_320x50_Communities.jpg",https://www.cmu.edu/work-that-matters?utm_campaign=research-impact&utm_source=pghmag412&utm_medium=email&utm_content=general_pgh&utm_term=0,Pittsburgh Magazine - 412 E-Newsletter - 728x90; 750x500 + COPY & URL,Kelsey Stark,v
Pittsburgh Magazine - Audience Retargeting - • 300x250; 728x90; 160x600; 300x50; 320x50,8/22/2025,COMPLETED,2025-09-01 - 2025-09-30,Pittsburgh Magazine,Display,CMU Work That Matters,"https://carnegiemellon.monday.com/protected_static/2364823/resources/2368108457/WIBWTM_300x50_Communities.jpg, https://carnegiemellon.monday.com/protected_static/2364823/resources/2368108477/WIBWTM_Communities_750x500.jpg, https://carnegiemellon.monday.com/protected_static/2364823/resources/2368108463/WIBWTM_160X600_Communities.jpg, https://carnegiemellon.monday.com/protected_static/2364823/resources/2368108481/WIBWTM_728x90_Communities.jpg, https://carnegiemellon.monday.com/protected_static/2364823/resources/2368108479/WIBWTM_Communities_300x250.jpg, https://carnegiemellon.monday.com/protected_static/2364823/resources/2368108479/WIBWTM_Communities_300x250.jpg, https://carnegiemellon.monday.com/protected_static/2364823/resources/2368108539/WIBWTM_320x50_Communities.jpg",Work That Matters - https://www.cmu.edu/work-that-matters?utm_campaign=research-impact&utm_source=pghmagar&utm_medium=email&utm_content=general_pgh&utm_term=0,Pittsburgh Magazine - Audience Retargeting - • 300x250; 728x90; 160x600; 300x50; 320x50,Kelsey Stark,v
Podcast Promo - Ep 11 Podcast Promo - Ep,8/28/2025,COMPLETED,2025-08-28 - 2025-09-28,Google,Video,Podcast,https://www.youtube.com/watch?v=-EqGHWuD21E,Farm to Future How Robotics and AI are Revolutionizing Agriculture - https://www.youtube.com/watch?v=BIzdywtYnBY,Podcast Promo - Ep 11 Podcast Promo - Ep,,v
Chronicle of Higher Education - Full Page,8/29/2025,COMPLETED,2025-09-19 - 2025-09-19,Chronicle,Print,CMU Work That Matters,https://carnegiemellon.monday.com/protected_static/2364823/resources/2385366046/CMU%20FPA%20.pdf,,Chronicle of Higher Education - Full Page,Kelsey Stark,v
Lamar - September,9/1/2025,COMPLETED,2025-09-01 - 2025-09-30,Lamar,Billboard,,,,Lamar - September,,
Chronicle of Higher Education - Newsletter - 970x250,9/1/2025,COMPLETED,2025-09-15 - 2025-09-15,Chronicle,Email,CMU Work That Matters,https://carnegiemellon.monday.com/protected_static/2364823/resources/2385367716/WIBWTM_Communities_970x250-03.jpg,Work That Matters - https://www.cmu.edu/work-that-matters/?utm_campaign=research-impact&utm_source=che&utm_medium=display&utm_content=general_cmu&utm_term=0,Chronicle of Higher Education - Newsletter - 970x250,Kelsey Stark,v
StackAdapt - September - Video,9/1/2025,COMPLETED,2025-09-01 - 2025-09-30,StackAdapt,Video,CMU Work That Matters,,,StackAdapt - September - Video,,v
StackAdapt - September - Display,9/1/2025,COMPLETED,2025-09-01 - 2025-09-30,StackAdapt,Display,CMU Work That Matters,,,StackAdapt - September - Display,,v
StackAdapt - September - Audio,9/1/2025,COMPLETED,2025-09-01 - 2025-09-30,StackAdapt,Audio,CMU Work That Matters,,,StackAdapt - September - Audio,,v
Chronicle of Higher Education - Eblast,9/9/2025,COMPLETED,2025-09-23 - 2025-09-23,Chronicle,Email,CMU Work That Matters,"https://carnegiemellon.monday.com/protected_static/2364823/resources/2407513900/CMUxChronicle%20-%20September%202025%20.html, https://carnegiemellon.monday.com/protected_static/2364823/resources/2407516676/Screenshot%202025-09-09%20at%2011.57.33%E2%80%AFAM.png",Work That Matters - https://www.cmu.edu/work-that-matters,Chronicle of Higher Education - Eblast,Kelsey Stark,v
UCM - Podcast - S2 E12 - Farm to Future - 8.28-9.11-10.11,9/11/2025,COMPLETED,2025-09-11 - 2025-10-11,Google,Video,Podcast,https://www.youtube.com/watch?v=S3hMkXCNiHg,Critical Choices: AI in Disaster Management and Healthcare - https://www.youtube.com/watch?v=4b0baHtsYN0,UCM - Podcast - S2 E12 - Farm to Future - 8.28-9.11-10.11,,v
UCM - AI Horizons - 9.11.2025-9.14.2025,9/11/2025,COMPLETED,2025-09-11 - 2025-09-14,Google,Video,CMU News,,,UCM - AI Horizons - 9.11.2025-9.14.2025,,v
Pittsburgh Post Gazette - Full Page - College Guide,9/15/2025,COMPLETED,2025-10-05 - 2025-10-05,PPG,Print,,"https://carnegiemellon.monday.com/protected_static/2364823/resources/2440344231/UCM-26-052_PittsburghPostGazette_9-75x10_01%20(2).pdf, https://carnegiemellon.monday.com/protected_static/2364823/resources/2531623652/Education%20Guide%20Fall%202025_Post-Gazette-compressed%20(1).pdf",,Pittsburgh Post Gazette - Full Page - College Guide,Kelsey Stark,v
Politico - Sponsored Article,9/17/2025,COMPLETED,2025-10-01 - 2025-11-12,Politico,Sponsored Content,CMU Work That Matters,"https://www.cmu.edu/news/stories/archives/2025/september/bny-and-carnegie-mellon-university-join-forces-to-advance-ai-education-and-research, https://politi.co/3KsZdrq",Work That Matters - https://www.cmu.edu/work-that-matters?utm_campaign=research-impact&utm_source=politico&utm_medium=sponsored&utm_content=general_ble&utm_term=0,Politico - Sponsored Article,,v
Chronicle of Higher Education - Newsletter - 300x250,9/22/2025,COMPLETED,2025-10-16 - 2025-10-16,Chronicle,Email,CMU Work That Matters,https://carnegiemellon.monday.com/protected_static/2364823/resources/2385371189/WIBWTM_Communities_300x250-03_resized.jpg,Work That Matters - https://www.cmu.edu/work-that-matters/?utm_campaign=research-impact&utm_source=che&utm_medium=display&utm_content=general_cmu&utm_term=0,Chronicle of Higher Education - Newsletter - 300x250,Kelsey Stark,v
UCM - Podcast - S2 E13 - Unlocking the Future of Gene Therapy - 9.25 - 10.25,9/25/2025,COMPLETED,2025-09-25 - 2025-10-25,Google,Video,Podcast,https://www.youtube.com/watch?v=eHfSLhoKY_Q,Ep 13 - https://www.youtube.com/watch?v=nvGyFo8q8rI,UCM - Podcast - S2 E13 - Unlocking the Future of Gene Therapy - 9.25 - 10.25,,v
Pittsburgh Post Gazette - October Display - 728x90,9/26/2025,COMPLETED,2025-10-01 - 2025-10-31,PPG,Display,CMU Work That Matters,"https://carnegiemellon.monday.com/protected_static/2364823/resources/2443422894/CMU_320x50.jpg, https://carnegiemellon.monday.com/protected_static/2364823/resources/2443422891/CMU_300x600.jpg, https://carnegiemellon.monday.com/protected_static/2364823/resources/2443422893/CMU_728x90.jpg, https://carnegiemellon.monday.com/protected_static/2364823/resources/2443422901/CMU_300x250.jpg",Work That Matters - https://www.cmu.edu/work-that-matters/?utm_campaign=research-impact&utm_source=ppg&utm_medium=display&utm_content=general_cmu&utm_term=0,Pittsburgh Post Gazette - October Display - 728x90,,v
Pittsburgh Post Gazette - November Display - 728x90,9/26/2025,COMPLETED,2025-11-01 - 2025-11-30,PPG,Display,CMU Work That Matters,"https://carnegiemellon.monday.com/protected_static/2364823/resources/2443425373/CMU_300x600.jpg, https://carnegiemellon.monday.com/protected_static/2364823/resources/2443425375/CMU_728x90.jpg, https://carnegiemellon.monday.com/protected_static/2364823/resources/2443425372/CMU_300x250.jpg, https://carnegiemellon.monday.com/protected_static/2364823/resources/2443425377/CMU_320x50.jpg",Work That Matters - https://www.cmu.edu/work-that-matters/?utm_campaign=research-impact&utm_source=ppg&utm_medium=display&utm_content=general_cmu&utm_term=0,Pittsburgh Post Gazette - November Display - 728x90,,v
Pittsburgh Post Gazette - December Display - 728x90,9/26/2025,COMPLETED,2025-12-01 - 2025-12-31,PPG,Display,CMU Work That Matters,"https://carnegiemellon.monday.com/protected_static/2364823/resources/2443425549/CMU_320x50.jpg, https://carnegiemellon.monday.com/protected_static/2364823/resources/2443425547/CMU_728x90.jpg, https://carnegiemellon.monday.com/protected_static/2364823/resources/2443425550/CMU_300x600.jpg, https://carnegiemellon.monday.com/protected_static/2364823/resources/2443425552/CMU_300x250.jpg",Work That Matters - https://www.cmu.edu/work-that-matters/?utm_campaign=research-impact&utm_source=ppg&utm_medium=display&utm_content=general_cmu&utm_term=0,Pittsburgh Post Gazette - December Display - 728x90,,v
Chronicle of Higher Education - Full Page,9/26/2025,COMPLETED,2025-10-17 - 2025-10-17,Chronicle,Print,,,,Chronicle of Higher Education - Full Page,,v
UCM - Work That Mattters Anthem - Linkedin - 10.1-12.31,9/29/2025,COMPLETED,2025-10-01 - 2025-12-31,LinkedIn,Social,,,,UCM - Work That Mattters Anthem - Linkedin - 10.1-12.31,,v
Spotify - Anthem,9/30/2025,COMPLETED,2025-10-01 - 2025-12-31,Spotify,Audio,CMU Work That Matters,https://carnegiemellon.monday.com/protected_static/2364823/resources/2453442421/Screenshot%202025-09-30%20at%2011.58.20%E2%80%AFAM.png,https://www.cmu.edu/work-that-matters/?utm_campaign=research-impact&utm_source=spotify&utm_medium=audio&utm_content=general_poli&utm_term=0,Spotify - Anthem,,v
Spotify - Expert,9/30/2025,COMPLETED,2025-10-01 - 2025-12-31,Spotify,Audio,CMU Work That Matters,https://carnegiemellon.monday.com/protected_static/2364823/resources/2453554077/Screenshot%202025-09-30%20at%2012.33.05%E2%80%AFPM.png,https://www.cmu.edu/work-that-matters?utm_campaign=research-impact&utm_source=spotify&utm_medium=audio&utm_content=general_poli&utm_term=0,Spotify - Expert,,v
Spotify - Podcast Promo,9/30/2025,COMPLETED,2025-10-01 - 2025-12-31,Spotify,Audio,,https://carnegiemellon.monday.com/protected_static/2364823/resources/2453600086/Screenshot%202025-09-30%20at%2012.47.37%E2%80%AFPM.png,https://open.spotify.com/show/0cyTZ4qBKIM5l2MkwfHpzZ,Spotify - Podcast Promo,,v
UCM - Youtube Shorts - 10.1-1.31,10/1/2025,Live,2025-10-01 - 2026-01-31,Google,Display,CMU Work That Matters,"https://www.youtube.com/shorts/cRUHr6LhQE4, https://www.youtube.com/watch?v=P6uEICtuL_c, https://www.youtube.com/shorts/8XvNbomjL9Q, https://www.youtube.com/watch?v=S4-QN7uGbYk&embeds_referring_euri=https%3A%2F%2Fads.google.com%2F&embeds_referring_origin=https%3A%2F%2Fads.google.com&source_ve_path=MjM4NTE, https://www.youtube.com/watch?v=dz1oVB2GXBA",Work That Matters - https://www.cmu.edu/work-that-matters,UCM - Youtube Shorts - 10.1-1.31,,v
Lamar - October (Theme - Economic Impact),10/1/2025,COMPLETED,2025-10-01 - 2025-10-31,Lamar,Billboard,,,,Lamar - October (Theme - Economic Impact),,
StackAdapt - October - Audio,10/1/2025,COMPLETED,2025-10-01 - 2025-10-31,StackAdapt,Audio,CMU Work That Matters,,,StackAdapt - October - Audio,,v
StackAdapt - October - Video,10/1/2025,COMPLETED,2025-10-01 - 2025-10-31,StackAdapt,Video,,,,StackAdapt - October - Video,,v
StackAdapt - October - Display,10/1/2025,COMPLETED,2025-10-01 - 2025-10-31,StackAdapt,Display,,,,StackAdapt - October - Display,,v
Pittsburgh Post Gazette - Native Article,10/1/2025,COMPLETED,2025-10-06 - 2025-10-19,PPG,Sponsored Content,CMU Work That Matters,"https://www.post-gazette.com/?ntv_cccta=TE0DAAAAAAAAAAAAAAAAjVUUA&prx_ro=s, https://www.post-gazette.com/sponsored?ntv_ccpvw=TE0DAAAAAAAAAAAAAAAAjVUUA",Work That Matters - https://www.cmu.edu/work-that-matters?utm_campaign=research-impact&utm_source=ppg&utm_medium=sponsoredcontent&utm_content=general_ble&utm_term=0,Pittsburgh Post Gazette - Native Article,,v
Chronicle of Higher Education - Eblast,10/7/2025,COMPLETED,2025-10-21 - 2025-10-21,Chronicle,Email,CMU Work That Matters,"https://carnegiemellon.monday.com/protected_static/2364823/resources/2469748498/Chronicle%20-%20October%202025.html, https://carnegiemellon.monday.com/protected_static/2364823/resources/2469748610/Screenshot%202025-10-07%20at%203.13.14%E2%80%AFPM.png",https://cmu.edu/workthatmatters,Chronicle of Higher Education - Eblast,,v
WAMU - Sponsored Content Package,10/9/2025,COMPLETED,2025-10-15 - 2025-10-15,WAMU,Sponsored Content,CMU Work That Matters,,,WAMU - Sponsored Content Package,,v
Chronicle of Higher Education - 970x250,10/13/2025,COMPLETED,2025-10-27 - 2025-10-27,Chronicle,Email,,,,Chronicle of Higher Education - 970x250,,v
UCM - Podcast - S2 E14 - Guiding a Safe Future for AI Pt 1 - 10.15-11.15,10/15/2025,COMPLETED,2025-10-15 - 2025-11-15,Google,Video,Podcast,https://www.youtube.com/watch?v=sRSVXCicc-k,Ep 14 - https://www.youtube.com/watch?v=rJxVy6G_Jlc,UCM - Podcast - S2 E14 - Guiding a Safe Future for AI Pt 1 - 10.15-11.15,,v
UCM - Podcast - S2 E15- Guiding a Safe Future for AI Pt 2 - 10.23-11.23,10/23/2025,COMPLETED,2025-10-23 - 2025-11-15,Google,Video,Podcast,https://www.youtube.com/watch?v=8LLSGs7WmEY,Ep 15 - https://www.youtube.com/watch?v=Y6om7kdZKtA,UCM - Podcast - S2 E15- Guiding a Safe Future for AI Pt 2 - 10.23-11.23,,v
Chronicle of Higher Education - 970x250,10/23/2025,COMPLETED,2025-11-06 - 2025-11-06,Chronicle,Email,,,,Chronicle of Higher Education - 970x250,,v
Lamar - November,11/1/2025,COMPLETED,2025-11-01 - 2025-11-30,Lamar,Billboard,,,,Lamar - November,,
Lamar - December,11/1/2025,COMPLETED,2025-12-01 - 2025-12-31,Lamar,Billboard,,,,Lamar - December,,
StackAdapt - November - Audio,11/1/2025,COMPLETED,2025-11-01 - 2025-11-30,StackAdapt,Audio,CMU Work That Matters,,,StackAdapt - November - Audio,,v
StackAdapt - December - Audio,11/1/2025,COMPLETED,2025-12-01 - 2025-12-31,StackAdapt,Audio,CMU Work That Matters,,,StackAdapt - December - Audio,,v
StackAdapt -November - Video,11/1/2025,COMPLETED,2025-11-01 - 2025-11-30,StackAdapt,Video,,,,StackAdapt -November - Video,,v
StackAdapt - November - Display,11/1/2025,COMPLETED,2025-11-01 - 2025-11-30,StackAdapt,Display,,,,StackAdapt - November - Display,,v
Lamar - November Install,11/1/2025,COMPLETED,2025-11-01 - 2025-11-30,Lamar,Billboard,,,,Lamar - November Install,,
Chronicle of Higher Education - 970x250,11/17/2025,COMPLETED,2025-12-01 - 2025-12-01,Chronicle,Email,,,,Chronicle of Higher Education - 970x250,,v
StackAdapt - December - Video,12/1/2025,COMPLETED,2025-12-01 - 2025-12-31,StackAdapt,Video,,,,StackAdapt - December - Video,,v
StackAdapt - December - Display,12/1/2025,COMPLETED,2025-12-01 - 2025-12-31,StackAdapt,Display,,,,StackAdapt - December - Display,,v
New York Times - Ad Post,12/15/2025,Submitted (Vendor),2026-01-15 - 2026-03-31,NYT,Sponsored Content,,,,New York Times - Ad Post,,v
New York Times - Flex XL to Ad Post,12/15/2025,Submitted (Vendor),2026-01-15 - 2026-03-31,NYT,Sponsored Content,,,,New York Times - Flex XL to Ad Post,,v
New York Times - Flex XL to Website,12/15/2025,Submitted (Vendor),2026-01-15 - 2026-03-31,NYT,Sponsored Content,,,,New York Times - Flex XL to Website,,v
New York Times - 300x250,12/15/2025,Submitted (Vendor),2026-01-15 - 2026-06-30,NYT,Display,,https://carnegiemellon.monday.com/protected_static/2364823/resources/2678427754/UCM-26-089_Ad_300x250_scale%20(2)%20(2).jpg,,New York Times - 300x250,,v
Lamar - January,1/1/2026,Working on it,2026-01-01 - 2026-01-31,Lamar,Billboard,,,,Lamar - January,,
StackAdapt - January - Video,1/1/2026,Live,2026-01-01 - 2026-01-31,StackAdapt,Video,CMU Work That Matters,,,StackAdapt - January - Video,,
StackAdapt - January - Display,1/1/2026,Live,2026-01-01 - 2026-01-31,StackAdapt,Display,CMU Work That Matters,,,StackAdapt - January - Display,,
StackAdapt - January - Audio,1/1/2026,Live,2026-01-01 - 2026-01-31,StackAdapt,Audio,CMU Work That Matters,,,StackAdapt - January - Audio,,
Lamar - Install - Jan/Feb (Pending),1/1/2026,Upcoming,2026-01-01 - 2026-01-31,Lamar,Billboard,,,,Lamar - Install - Jan/Feb (Pending),,
New York Times - Full Page Ad,1/2/2026,COMPLETED,2026-01-18 - 2026-01-18,NYT,Print,,https://carnegiemellon.monday.com/protected_static/2364823/resources/2675494886/UCM-26-089_NYT_FullPage_11_55x21_08_MECH_color%20fix%20(1).pdf,Work That Matters - https://www.cmu.edu/work-that-matters/?utm_source=nyt&utm_medium=fpa&utm_campaign=health,New York Times - Full Page Ad,,v
Chronicle of Higher Education - 970x250,1/14/2026,Submitted (Vendor),2026-01-28 - 2026-01-28,Chronicle,Email,CMU Work That Matters,https://carnegiemellon.monday.com/protected_static/2364823/resources/2678439045/UCM-26-089_Ad_970x250_scale.jpg,Work That Matters - https://www.cmu.edu/work-that-matters?utm_campaign=research-impact&utm_source=che&utm_medium=display&utm_content=shmrw_cmu&utm_term=0,Chronicle of Higher Education - 970x250,,v
Lamar - February,2/1/2026,Upcoming,2026-02-01 - 2026-02-28,Lamar,Billboard,,,,Lamar - February,,
StackAdapt - February - Video,2/1/2026,Upcoming,2026-02-01 - 2026-02-28,StackAdapt,Video,CMU Work That Matters,,,StackAdapt - February - Video,,
StackAdapt - February - Display,2/1/2026,Upcoming,2026-02-01 - 2026-02-28,StackAdapt,Display,CMU Work That Matters,,,StackAdapt - February - Display,,
StackAdapt - February - Audio,2/1/2026,Upcoming,2026-02-01 - 2026-02-28,StackAdapt,Audio,CMU Work That Matters,,,StackAdapt - February - Audio,,
Chronicle of Higher Education - Trends Issue - Full Page,2/20/2026,Upcoming,2026-03-13 - 2026-03-13,Chronicle,Print,,,,Chronicle of Higher Education - Trends Issue - Full Page,,v
Pittsburgh Magazine - NFL Draft - Display,2/24/2026,Upcoming,2026-03-01 - 2026-03-31,Pittsburgh Magazine,Display,,,,Pittsburgh Magazine - NFL Draft - Display,,v
Pittsburgh Magazine - NFL Draft - Eblast,2/24/2026,Upcoming,2026-03-01 - 2026-03-31,Pittsburgh Magazine,Email,,,,Pittsburgh Magazine - NFL Draft - Eblast,,v
Pittsburgh Magazine - NFL Draft - Print,2/24/2026,Upcoming,2026-03-01 - 2026-03-31,Pittsburgh Magazine,Print,,,,Pittsburgh Magazine - NFL Draft - Print,,v
Chronicle of Higher Education - 970x250,2/25/2026,Submitted (Vendor),2026-03-11 - 2026-03-11,Chronicle,Email,CMU Work That Matters,https://carnegiemellon.monday.com/protected_static/2364823/resources/2678439701/UCM-26-089_Ad_970x250_scale.jpg,Work That Matters - https://www.cmu.edu/work-that-matters?utm_campaign=research-impact&utm_source=che&utm_medium=display&utm_content=shmrw_cmu&utm_term=0,Chronicle of Higher Education - 970x250,,v
Politico - ROS Display,3/1/2026,Upcoming,2026-04-01 - 2026-06-30,Politico,Display,,,,Politico - ROS Display,,v
Lamar - March,3/1/2026,Upcoming,2026-03-01 - 2026-03-31,Lamar,Billboard,,,,Lamar - March,,
StackAdapt - March - Video,3/1/2026,Upcoming,2026-03-01 - 2026-03-31,StackAdapt,Video,CMU Work That Matters,,,StackAdapt - March - Video,,
StackAdapt - March - Display,3/1/2026,Upcoming,2026-03-01 - 2026-03-31,StackAdapt,Display,CMU Work That Matters,,,StackAdapt - March - Display,,
StackAdapt - March - Audio,3/1/2026,Upcoming,2026-03-01 - 2026-03-31,StackAdapt,Audio,CMU Work That Matters,,,StackAdapt - March - Audio,,
Chronicle of Higher Education - Sponsored Content,2/12/2026,Upcoming,2026-03-09 - 2026-06-09,Chronicle,Sponsored Content,,,,Chronicle of Higher Education - Sponsored Content,,v
Chronicle of Higher Education - 300x250,3/3/2026,Submitted (Vendor),2026-03-17 - 2026-03-17,Chronicle,Email,CMU Work That Matters,https://carnegiemellon.monday.com/protected_static/2364823/resources/2678440148/UCM-26-089_Ad_300x250_scale%20(2)%20(2).jpg,Work That Matters - https://www.cmu.edu/work-that-matters?utm_campaign=research-impact&utm_source=che&utm_medium=display&utm_content=shmrw_cmu&utm_term=0,Chronicle of Higher Education - 300x250,,v
Pittsburgh Post Gazette - Full Page - College Guide,3/3/2026,Upcoming,2026-03-15 - 2026-03-15,PPG,Print,,,,Pittsburgh Post Gazette - Full Page - College Guide,,v
New York Times - Ad Post,3/2/2026,Upcoming,2026-03-15 - 2026-06-30,NYT,Sponsored Content,,,https://www.cmu.edu/work-that-matters/?utm_source=nyt&utm_medium=display&utm_campaign=adposthealth,New York Times - Ad Post,,v
New York Times - FlexXL to AdPost 1,3/2/2026,Upcoming,2026-03-15 - 2026-06-30,NYT,Sponsored Content,,,,New York Times - FlexXL to AdPost 1,,v
New York Times - FlexXL to Ad Post,3/2/2026,Upcoming,2026-03-15 - 2026-06-30,NYT,Sponsored Content,,,,New York Times - FlexXL to Ad Post,,v
Chronicle of Higher Education - 300x250,3/17/2026,Upcoming,2026-03-31 - 2026-03-31,Chronicle,Email,CMU Work That Matters,https://carnegiemellon.monday.com/protected_static/2364823/resources/2678440666/UCM-26-089_Ad_300x250_scale%20(2)%20(2).jpg,Work That Matters - https://www.cmu.edu/work-that-matters?utm_campaign=research-impact&utm_source=che&utm_medium=display&utm_content=shmrw_cmu&utm_term=0,Chronicle of Higher Education - 300x250,,v
Chronicle of Higher Education - 970x250,3/20/2026,Upcoming,2026-04-03 - 2026-04-03,Chronicle,Email,,,,Chronicle of Higher Education - 970x250,,v
Chronicle of Higher Education - Missions & Community - Full Page,3/20/2026,Upcoming,2026-04-10 - 2026-04-10,Chronicle,Print,,,,Chronicle of Higher Education - Missions & Community - Full Page,,v
Chronicle of Higher Education -Eblast,3/26/2026,Upcoming,2026-04-09 - 2026-04-09,Chronicle,Email,,,,Chronicle of Higher Education -Eblast,,v
Lamar - April,4/1/2026,Upcoming,2026-04-01 - 2026-04-30,Lamar,Billboard,CMU Work That Matters,,,Lamar - April,,
StackAdapt - April - Audio,4/1/2026,Upcoming,2026-04-01 - 2026-04-30,StackAdapt,Audio,CMU Work That Matters,,,StackAdapt - April - Audio,,
StackAdapt - April - Display,4/1/2026,Upcoming,2026-04-01 - 2026-04-30,StackAdapt,Display,CMU Work That Matters,,,StackAdapt - April - Display,,
StackAdapt - April - Video,4/1/2026,Upcoming,2026-04-01 - 2026-04-30,StackAdapt,Video,CMU Work That Matters,,,StackAdapt - April - Video,,
Lamar - Instal - Q4 (pending),4/1/2026,Upcoming,2026-04-01 - 2026-04-30,Lamar,Billboard,CMU Work That Matters,,,Lamar - Instal - Q4 (pending),,
Chronicle of Higher Education - 300x250,4/2/2026,Upcoming,2026-04-16 - 2026-04-16,Chronicle,Email,,,,Chronicle of Higher Education - 300x250,,v
Chronicle of Higher Education - 970x250,4/8/2026,Upcoming,2026-04-22 - 2026-04-22,Chronicle,Email,,,,Chronicle of Higher Education - 970x250,,v
Chronicle of Higher Education - Eblast,4/21/2026,Upcoming,2026-05-05 - 2026-05-05,Chronicle,Email,,,,Chronicle of Higher Education - Eblast,,v
Chronicle of Higher Education - 300x250,4/21/2026,Upcoming,2026-05-05 - 2026-05-05,Chronicle,Email,,,,Chronicle of Higher Education - 300x250,,
Lamar - May,5/1/2026,Upcoming,2026-05-01 - 2026-05-31,Lamar,Billboard,CMU Work That Matters,,,Lamar - May,,
StackAdapt - May - Audio,5/1/2026,Upcoming,2026-05-01 - 2026-05-31,StackAdapt,Audio,CMU Work That Matters,,,StackAdapt - May - Audio,,
StackAdapt - May - Display,5/1/2026,Upcoming,2026-05-01 - 2026-05-31,StackAdapt,Display,CMU Work That Matters,,,StackAdapt - May - Display,,
StackAdapt - May - Video,5/1/2026,Upcoming,2026-05-01 - 2026-05-31,StackAdapt,Video,CMU Work That Matters,,,StackAdapt - May - Video,,
Chronicle of Higher Education - 970x250,5/6/2026,Upcoming,2026-05-20 - 2026-05-20,Chronicle,Email,,,,Chronicle of Higher Education - 970x250,,v
Chronicle of Higher Education - 970x250,5/28/2026,Upcoming,2026-06-11 - 2026-06-11,Chronicle,Email,,,,Chronicle of Higher Education - 970x250,,v
Lamar - May,6/1/2026,Upcoming,2026-06-01 - 2026-06-29,Lamar,Billboard,CMU Work That Matters,,,Lamar - June,,
Lamar - June x2 (double billing for 2025-2026),6/1/2026,Upcoming,2026-06-30 - 2026-06-30,Lamar,Billboard,CMU Work That Matters,,,Lamar - June x2 (double billing for 2025-2026),,
StackAdapt - June - Audio,6/1/2026,Upcoming,2026-06-01 - 2026-06-30,StackAdapt,Audio,CMU Work That Matters,,,StackAdapt - June - Audio,,
StackAdapt - June - Display,6/1/2026,Upcoming,2026-06-01 - 2026-06-30,StackAdapt,Display,CMU Work That Matters,,,StackAdapt - June - Display,,
StackAdapt - June - Video,6/1/2026,Upcoming,2026-06-01 - 2026-06-30,StackAdapt,Video,CMU Work That Matters,,,StackAdapt - June - Video,,
Axios - Newsletter - Philadelphia,,,,,,,,,,,
contingency spend - youtube,,,,,,,,,,,
Podcast Season 3,,,,,,,,,Podcast Season 3,,
,,,,,,,,,,,113/152
